-- ============================================================
-- INVENTÁRIO EDF — Import completo | Supabase / PostgreSQL
-- CORRIGIDO: quantidade ajustada quando soma estados > quantidade
-- CORRIGIDO: valores inválidos (???) tratados como NULL
-- ============================================================
-- 1. ESCOLA
INSERT INTO public.escola (sigla, nome) VALUES
('GM', 'Escola GM'),
('MR', 'Escola MR')
ON CONFLICT (sigla) DO NOTHING;
-- 2. LOCAIS
INSERT INTO public.locais (nome, descricao) VALUES
('Arr1', 'Arrecadação Principal'),
('Arr2', 'Arrecadação 2'),
('Arr1 Cx', 'Arrecadação 1 - Caixa'),
('Arm2', 'Armário 2'),
('Arm3', 'Armário 3'),
('Arm5', 'Armário 5'),
('Arm6', 'Armário 6'),
('C3X3', 'Campo 3x3'),
('CAnd', 'Campo de Andebol'),
('Ext', 'Exterior'),
('Sala CF', 'Sala de Condição Física'),
('WC', 'WC'),
('G1', 'Ginásio 1'),
('G2', 'Ginásio 2'),
('Gabinete', 'Gabinete de Educação Física')
ON CONFLICT (nome) DO NOTHING;

-- 4. EQUIPAMENTOS — 20-23_24_25
INSERT INTO public.equipamentos
(edf_de, descricao, quantidade, stock, empresa_data, estado,
estado_bom, estado_razoavel, estado_mau, estado_abate,
local, observacao, outras_observacao, escola)
VALUES
('EDF', 'AND Bola XSports soft touch celular T1', 10, 0, 'Topgim 11-2021', 'Bom',
10, NULL, NULL, NULL,
'Arr2', '5 amarelas e 5 azuis', NULL, 'GM'),
('EDF', 'AND Bola XSports soft touch celular T2', 20, 20, 'TopGim 2023', NULL,
NULL, NULL, NULL, NULL,
'Arm2', 'ver a empresa', NULL, 'GM'),
('EDF', 'AND Bola Ace', 9, 0, NULL, 'Razoável',
NULL, 9, NULL, NULL,
'Arr1', NULL, NULL, 'GM'),
('EDF', 'AND Bola azul n.1', 1, 0, NULL, 'Razoável',
NULL, 1, NULL, NULL,
'Arr2', NULL, NULL, NULL),
('EDF', 'AND Bola cor salmão n.1', 2, 0, NULL, 'Abate',
NULL, NULL, NULL, 2,
'Arr2', NULL, NULL, 'GM'),
('EDF', 'AND Bola Kipsta', 1, 0, NULL, 'Razoável',
NULL, 1, NULL, NULL,
'Arr1', NULL, NULL, 'GM'),
('EDF', 'AND Bola verde', 14, 0, NULL, 'Abate',
NULL, NULL, NULL, 14,
'Arr2', '(linha acrescentada)', NULL, 'GM'),
('EDF', 'AND Bola Xsports nº1 - Laranjas', 6, 0, NULL, 'Mau',
NULL, NULL, 6, NULL,
'Arr2', NULL, NULL, 'GM'),
('EDF', 'AND Bola Xsports nº2 - Verdes', 9, 0, NULL, 'Razoável',
NULL, 9, NULL, NULL,
'Arr1', 'desporto escolar', NULL, 'GM'),
('EDF', 'AND Bola Xsports nº3 - vermelhas', 8, 0, NULL, 'Abate',
NULL, NULL, 2, 6,
'Arr2', NULL, NULL, 'GM'),
('EDF', 'AND Bola Xsports verde n.2', 13, 0, NULL, 'Abate',
NULL, 12, NULL, 1,
'Arr2', NULL, NULL, 'GM'),
('EDF', 'AND Bolas borracha celular, amar/br T0', 10, 10, 'Viduedo 12-2024', NULL,
NULL, NULL, NULL, NULL,
'Arr2', 'Já telefonei para trocar pelo T2', NULL, 'GM'),
('DE', 'ATL Barreira 50cm', 8, 0, 'Viduedo 02-2020', 'Bom',
8, NULL, NULL, NULL,
'G1', NULL, NULL, 'GM'),
('EDF', 'ATL Dardo escolar Polanik c/ponta borracha 500g', 1, 1, 'Topgim 11-2021', NULL,
NULL, NULL, NULL, NULL,
'Arr1', '.', '.', 'GM'),
('EDF', 'ATL Dardo escolar Polanik c/ponta borracha 600g', 1, 1, 'Topgim 11-2021', NULL,
NULL, NULL, NULL, NULL,
'Arr1', '.', '.', 'GM'),
('EDF', 'ATL Dardo Lanç 500g', 1, 0, 'Viduedo 02-2020', NULL,
NULL, NULL, NULL, NULL,
'Arr1', NULL, NULL, 'GM'),
('EDF', 'ATL Dardo Lanç 600g', 1, 0, 'Viduedo 02-2020', NULL,
NULL, NULL, NULL, NULL,
'Arr1', NULL, NULL, 'GM'),
('EDF', 'ATL Dardo Lanç Vortex Mega', 1, 0, 'Viduedo 02-2020', NULL,
NULL, NULL, NULL, NULL,
'Arr1', NULL, NULL, 'GM'),
('EDF', 'ATL Fasquias em elástico com pesos', 3, 1, NULL, 'Bom',
2, NULL, NULL, NULL,
'Arm3', '.', '.', 'GM'),
('EDF', 'ATL FC152:G278ita métrica Sunlon', 1, 0, NULL, 'Bom',
1, NULL, NULL, NULL,
'Arm3', '.', NULL, 'GM'),
('EDF', 'ATL Fita métrica - 100m', 1, 0, NULL, 'Razoável',
NULL, 1, NULL, NULL,
'Arm2', '.', NULL, 'GM'),
('EDF', 'ATL Fita métrica - 20m', 2, 0, NULL, 'Abate',
NULL, NULL, NULL, 1,
'Arm2', '.', NULL, 'GM'),
('EDF', 'ATL Peso Lanç 1000g', 1, 0, 'Viduedo 02-2020', NULL,
NULL, NULL, NULL, NULL,
'Arr1', NULL, NULL, 'GM'),
('DE', 'TENISC Saco de transporte 530L - Preto/laran', 1, 0, 'Topgim - 22-12-2021', NULL,
NULL, NULL, NULL, NULL,
'Arr1', NULL, NULL, 'MR'),
('EDF', 'ATL Peso Lanç 3000g', 1, 0, 'Viduedo 02-2020', NULL,
NULL, NULL, NULL, NULL,
'Arr1', NULL, NULL, 'GM'),
('DE', 'TENISC Raquete ténis al. Júnior TR WIL T25', 4, 4, 'Viduedo 02-2020', NULL,
NULL, NULL, NULL, NULL,
'Arr1', 'Entregues em 12 de abril de 2024', NULL, 'MR'),
('DE', 'TENISC Raquete ténis al. Júnior TR WIL T23', 4, 4, 'Viduedo 02-2020', NULL,
NULL, NULL, NULL, NULL,
'Arr1', 'Entregues em 12 de abril de 2025', NULL, 'MR'),
('DE', 'TENISC Raquete ténis Júnior Wil T21', 2, 4, 'Viduedo 02-2020', NULL,
NULL, NULL, NULL, NULL,
'Arr1', 'Entregues em 12 de abril de 2026', NULL, 'MR'),
('EDF', 'ATL Peso Lanç borracha 1kg', 2, 2, 'Topgim 11-2021', NULL,
NULL, NULL, NULL, NULL,
'Arr2', NULL, NULL, 'GM'),
('EDF', 'ATL Peso Lanç borracha 3kg', 2, 2, 'Topgim 11-2021', NULL,
NULL, NULL, NULL, NULL,
'Arr2', NULL, NULL, 'GM'),
('EDF', 'ATL Postes salto em altura - conjuntos', 2, 0, NULL, 'Mau',
NULL, 1, 1, NULL,
'G1', NULL, NULL, 'GM'),
('EDF', 'ATL Testemunhos conjuntos de 7 peças', 3, 1, NULL, 'Razoável',
NULL, 2, NULL, NULL,
'Arr2', '2 sacos', NULL, 'GM'),
('EDF', 'ATL Vortex', 2, 1, NULL, 'Razoável',
NULL, 1, NULL, NULL,
'Arr1', 'Desapareceu.', '.', 'GM'),
('EDF', 'ATL Vortéx Nerf Mega Howler', 1, 1, 'Topgim 11-2021', NULL,
NULL, NULL, NULL, NULL,
'Arm2', '.', '.', 'GM'),
('DE', 'BAD (bad, vol, tenism) Marcador de pontos 0-99', 4, 3, 'Viduedo 10-2021', 'Bom',
1, NULL, NULL, NULL,
'Arm2', '1 a uso ARR1', 'foram pedidos de ténis de mesa', 'GM'),
('DE', 'BAD Caixa de volante de penas Victor', 3, 3, NULL, NULL,
NULL, NULL, NULL, NULL,
'Arm2', NULL, NULL, 'GM'),
('DE', 'BAD Volantes Caixa Teloon', 10, 10, NULL, 'Bom',
1, NULL, NULL, NULL,
'Arm2', 'Caixa de Badminton', '20/02/24 p/ Manuela', 'GM'),
('DE', 'BAD Capas de cabeça de raquetes Carlton', 8, 0, NULL, 'Bom',
8, NULL, NULL, NULL,
'Arr1', 'Caixa de Badminton', NULL, 'GM'),
('DE', 'BAD Capas de Conjuntos laranjas', 11, 0, NULL, 'Bom',
11, NULL, NULL, NULL,
'Arr1', 'Caixa de Badminton', NULL, 'GM'),
('DE', 'BAD Conjunto de Redes e armações', 1, 1, NULL, NULL,
NULL, NULL, NULL, NULL,
'Arm2', NULL, NULL, 'GM'),
('DE', 'BAD Conjunto Raq. e Rede', 5, 3, NULL, 'Bom',
2, NULL, NULL, NULL,
'Arr1', NULL, NULL, 'GM'),
('DE', 'BAD Poste e Rede', 2, 0, NULL, 'Abate',
NULL, NULL, 1, 1,
'G1', NULL, NULL, 'GM'),
('DE', 'BAD Postes de montar', 1, 0, NULL, NULL,
NULL, NULL, NULL, NULL,
'Arr1', NULL, NULL, 'GM'),
('EDF', 'BAD Postes JMP', 4, 0, NULL, 'Bom',
4, NULL, NULL, NULL,
'G1', '.', '.', 'GM'),
('DE', 'BAD Raquete Teloon Aluminio Enc. Sup. s/capa - AM', 10, 0, 'Topgim 11-2021', 'Bom',
4, NULL, NULL, NULL,
'Arm2', 'Caixa de Badminton 20/2 Manuela', '6 desaparecidas', 'GM'),
('EDF', 'BAD Raquetes Br100 Adulto Azul Perfly', 8, 0, 'Decathlon 11-2019', 'Abate',
NULL, NULL, 4, 4,
'Arr1', '8 Saco azul EDF', '1 na Arr2', 'GM'),
('DE', 'BAD Raquetes em alum B1000 (Tremblay vinho/verm)', 20, 2, 'Viduedo 02-2020', 'Bom',
7, NULL, NULL, NULL,
'Arr1', 'Vieram melhores - Caixa de Badminton 20/2 Manuela', 'verificar mem ramires', 'GM'),
('EDF', 'BAD Raquetes em alum Carlton 200 Az/cinz', 10, 3, 'Viduedo 02-2020', 'Abate',
NULL, NULL, NULL, 8,
'Arm2', '2 saco azul EDF', '4 em stock do DE', 'GM'),
('DE', 'BAD Raquetes Softee B1000 C/Capa', 30, 30, NULL, NULL,
NULL, NULL, NULL, NULL,
'Arr1', NULL, NULL, 'GM'),
('EDF', 'BAD Raquetes Teloon alumínio 100k laranj/azul - 168-A', 16, 16, NULL, NULL,
NULL, NULL, NULL, NULL,
'Arr1', 'Ana Sofia', NULL, 'GM'),
('EDF', 'BAD Raquetes Teloon Profissional', 30, 30, NULL, NULL,
NULL, NULL, NULL, NULL,
'Arr1', NULL, NULL, 'GM'),
('EDF', 'BAD Raquetes Teloon XT 168A-9', 10, 0, NULL, 'Abate',
NULL, NULL, 9, 1,
'Arr1', 'Necessita de Encordamento', NULL, 'GM'),
('EDF', 'BAD Raquetes YONEX ama/br/roxas c/ capa cinz', 10, 1, '20-21', 'Abate',
6, NULL, 1, 1,
'Arr1 Cx', '1 desapareceram', 'Total: 40 Raq', 'GM'),
('EDF', 'BAD Raquetes_Resto de Material_Arr2', 16, 0, NULL, 'Mau',
NULL, NULL, 16, NULL,
'Arr2', 'Dois sacos', NULL, 'GM'),
('DE', 'BAD Saco porta raquetes', 1, 0, 'Viduedo 02-2020', 'Razoável',
NULL, 1, NULL, NULL,
'Arr1', NULL, NULL, 'GM'),
('EDF', 'BAD Volante Carlton T800 Amarelas & tubos de 6 volantes', 36, 9, 'Viduedo 11-2023', 'Abate',
6, 2, NULL, 5,
'Arm2', '2 no saco azul EDF', 'Verificar se foram 18 tubos para a MR', 'GM'),
('DE', 'BAD Volantes Tubos de 6 Victor 500 Bronze Am/Br', 8, 7, 'Viduedo 02-2020', 'Abate',
NULL, NULL, NULL, 3,
'Arm2', 'Saco azul EDF', 'Falta lançar ANA SOFIA', 'GM'),
('EDF', 'BASQ Bola XB6R nº6 Larj Am', 10, 10, NULL, NULL,
NULL, NULL, NULL, NULL,
'Arr1', '.', NULL, 'GM'),
('EDF', 'BASQ Bola 3X3 Verdes', 10, 0, 'Mooveme 12-2018', 'Razoável',
NULL, 8, NULL, NULL,
'Arr2', '2 Desaparecida', 'Boa qualidade para ext.', 'GM'),
('EDF', 'BASQ Bola celular extra Grip T6', 10, 0, 'Mooveme 10-2021', NULL,
NULL, NULL, NULL, NULL,
'Arr1', NULL, NULL, 'GM'),
('DE', 'BASQ Bola Molten, BGG, couro sintetico T6', 2, 0, 'Mooveme 10-2021', NULL,
NULL, NULL, NULL, NULL,
'Arr1', NULL, 'b3', 'GM'),
('EDF', 'BASQ Bola Mooveme Celular T5 e T6', 20, 20, NULL, NULL,
NULL, NULL, NULL, NULL,
'Arr2', 'Armário Branco - Tamanho único', NULL, 'GM'),
('EDF', 'BASQ Bola Softee 3x3 Show Monster', 28, 28, 'Viduedo 11-2023', NULL,
NULL, NULL, NULL, NULL,
'Arr2', 'Armário Branco - Tamanho único', NULL, 'GM'),
('EDF', 'BASQ Bola Wilson', 4, 4, NULL, NULL,
NULL, NULL, NULL, NULL,
'Arr1', '2-Laranjas 2-Az/Ama/Verm', '.', 'GM'),
('EDF', 'BASQ Bola Wilson MVP', 6, 1, NULL, 'Abate',
NULL, 1, NULL, 2,
'G1', '2 Desaparecidas', NULL, 'GM'),
('EDF', 'BASQ Bola Xsports nº5 e nº6', 20, 0, NULL, 'Abate',
NULL, 18, 1, 1,
'G1', '.', NULL, 'GM'),
('EDF', 'BASQ Bola Xsports XB6CR soft Touch cellular T5', 6, 6, 'Topgim 11-2021', NULL,
NULL, NULL, NULL, NULL,
'Arm2', NULL, NULL, 'GM'),
('EDF', 'BASQ Bola Xsports XB6CR soft Touch cellular T6', 5, 5, 'Topgim 11-2021', NULL,
NULL, NULL, NULL, NULL,
'Arm2', 'De interior boa aquisição', NULL, 'GM'),
('EDF', 'BASQ Bola Xsports XB6CR soft Touch cellular T7', 5, 5, 'Topgim 11-2021', NULL,
NULL, NULL, NULL, NULL,
'Arm2', NULL, NULL, 'GM'),
('EDF', 'BASQ Bola Xsports XB7SB soft Street Basket T7 EXT Cinz', 10, 0, 'Topgim 11-2021', 'Abate',
8, NULL, NULL, 1,
'Arr2', '1 Desaparecida', 'Boa qualidade', 'GM'),
('EDF', 'BASQ Bolas R300 Tarmak T5 Vermelho', 2, 0, 'Decathlon 11-2019', 'Razoável',
NULL, 2, NULL, NULL,
'Arr2', NULL, NULL, 'GM'),
('EDF', 'BASQ Bolas R300 Tarmak T6 Amarelo', 3, 0, 'Decathlon 11-2019', 'Razoável',
NULL, 2, NULL, NULL,
'Arr2', '1 Desaparecida', NULL, 'GM'),
('EDF', 'BASQ Bolas R300 Tarmak T7 azul', 3, 0, 'Decathlon 11-2019', 'Abate',
NULL, NULL, 2, 1,
'Arr2', NULL, NULL, 'GM'),
('EDF', 'BASQ Xsport X5', 16, 16, NULL, NULL,
NULL, NULL, NULL, NULL,
'Arr1', NULL, NULL, 'GM'),
('EDF', 'BASQ Xsport X6', 5, 5, NULL, NULL,
NULL, NULL, NULL, NULL,
'Arr1', NULL, NULL, 'GM'),
('EDF', 'BASQ Xsport X7', 5, 5, NULL, NULL,
NULL, NULL, NULL, NULL,
'Arr1', NULL, NULL, 'GM'),
('DE', 'BOC Kit competição [ParaVidaspot.com](http://paravidaspot.com/) -Soft', 1, 0, '[Paravidaspot.com](http://paravidaspot.com/)', 'Bom',
1, NULL, NULL, NULL,
'Arr1', 'Oficial', NULL, 'GM'),
('EDF', 'BTT Capacetes', 40, 0, NULL, 'Abate',
NULL, 38, NULL, 2,
'Arr2', 'Capacetes Azuis (18) e Vermelhos (19)', NULL, 'GM'),
('EDF', 'BTT Diversos', 1, 0, NULL, NULL,
NULL, NULL, NULL, NULL,
'Arr2', 'Material de subtituição - Calços de Travão e Refletores', NULL, 'GM'),
('EDF', 'BTT Remendos Red-Sun', 5, 5, 'Viduedo 11-2023', NULL,
NULL, NULL, NULL, NULL,
'Arm2', NULL, NULL, 'GM'),
('EDF', 'BTT Spray Bicicletas', 1, 1, NULL, NULL,
NULL, NULL, NULL, NULL,
'Arm2', NULL, NULL, 'GM'),
('EDF', 'BTT Tubo de cola remendos', 5, 5, 'Viduedo 11-2023', NULL,
NULL, NULL, NULL, NULL,
'Arm2', NULL, NULL, 'GM'),
('EDF', 'CF Balança Digital Scale Branca', 1, 0, 'Decatlon 11-2023', NULL,
NULL, NULL, NULL, NULL,
'Arr1', NULL, NULL, 'GM'),
('EDF', 'CF Balança sacle 100', 1, 0, 'Decatlon 09-2019', 'Mau',
NULL, NULL, 1, NULL,
'Arr1', 'Para arranjo 3/07/2023', NULL, 'GM'),
('EDF', 'CF Balança sacle 700', 1, 0, 'Decatlon 09-2019', 'Mau',
NULL, NULL, 1, NULL,
'Arr1', NULL, NULL, 'GM'),
('EDF', 'CF Bicicleta biking vs700', 1, 0, 'Decatlon 09-2019', 'Mau',
NULL, NULL, 1, NULL,
'Arr1', NULL, NULL, 'GM'),
('EDF', 'CF Bicicleta Spinning BH Fitness H9162', 1, 0, 'Topgim - 22-12-2022', 'Razoável',
NULL, 1, NULL, NULL,
'Sala CF', NULL, NULL, 'GM'),
('EDF', 'CF Bicicleta Spinning BS DX Xblack', 4, 4, 'Viduedo 11_2023', NULL,
NULL, NULL, NULL, NULL,
'Arr2', 'Estão por montar paraseguirem para a sala de CF', NULL, 'GM'),
('DE', 'CF Bola Medicinal 2Kg', 5, 0, 'Mooveme 10-2021', 'Bom',
5, NULL, NULL, NULL,
'Arr1', NULL, 'multimodalidades', 'GM'),
('DE', 'CF Bola Medicinal 3Kg', 5, 0, 'Mooveme 10-2021', 'Bom',
5, NULL, NULL, NULL,
'Sala CF', NULL, 'multimodalidades', 'GM'),
('EDF', 'CF Bola Medicinal 5Kg', 2, 0, NULL, 'Razoável',
NULL, 2, NULL, NULL,
'Arm5', '.', '.', 'GM'),
('EDF', 'CF Bola Medicinal Pequena', 2, 0, NULL, 'Mau',
NULL, 1, 1, NULL,
'Arr1', '.', '.', 'GM'),
('EDF', 'CF Bolas de ténis Artengo TB110', 4, 4, NULL, NULL,
NULL, NULL, NULL, NULL,
'Arm5', NULL, NULL, 'GM'),
('EDF', 'CF Colchões Fitness Azuis', 18, 0, NULL, 'Razoável',
NULL, 18, NULL, NULL,
'G2', '.', '.', 'GM'),
('EDF', 'V Apitos Manuais', 4, 0, 'Topgim 11-2021', NULL,
NULL, NULL, NULL, NULL,
'Arr1', NULL, NULL, 'MR'),
('EDF', 'V Discos Marcadores 1X12+12', 1, 0, 'Topgim 11-2021', NULL,
NULL, NULL, NULL, NULL,
'Arr1', NULL, NULL, 'MR'),
('EDF', 'BAD Voadores Carlton C100 1X6 un.', 3, 0, 'Topgim 11-2021', NULL,
NULL, NULL, NULL, NULL,
'Arr1', NULL, NULL, 'MR'),
('EDF', 'CF Colchões Fitness Azuis', 30, 0, NULL, 'Abate',
NULL, NULL, 25, 5,
'Arr2', 'contámos 25', '.', 'GM'),
('EDF', 'CF Colchões Fitness cinzento', 25, 0, NULL, 'Abate',
NULL, 24, NULL, 1,
'Sala CF', 'está 1 em falta - verificar', NULL, 'GM'),
('EDF', 'CF Colchões Fitness Cinzento', 24, 0, NULL, 'Razoável',
NULL, 24, NULL, NULL,
'Arr2', '.', NULL, 'GM'),
('EDF', 'CF Colchonetes 120x60x1,5 cm azuis', 10, 0, 'Viduedo 12-2024', 'Bom',
10, NULL, NULL, NULL,
'Sala CF', NULL, NULL, 'GM'),
('EDF', 'CF Cordas', 21, 0, NULL, 'Bom',
21, NULL, NULL, NULL,
'G2', '.', '.', 'GM'),
('EDF', 'CF Cordas Azuis, Vermelhas e Verdes', 20, 20, NULL, NULL,
NULL, NULL, NULL, NULL,
'Arr1', NULL, NULL, 'GM'),
('EDF', 'CF Discos de halter (1-10Kg,6-5kg, 2-3kg, 1-2,5kg, 1-1,25Kg)', 11, 0, NULL, 'Razoável',
NULL, 11, NULL, NULL,
'Sala CF', NULL, NULL, 'GM'),
('EDF', 'CF Elitica el100', 1, 0, 'Decatlon 09-2019', 'Mau',
NULL, NULL, 1, NULL,
'Arr1', NULL, NULL, 'GM'),
('EDF', 'CF Fita BH Fitness', 1, 1, NULL, NULL,
NULL, NULL, NULL, NULL,
'Arm5', NULL, NULL, 'GM'),
('EDF', 'CF Peso 0,5kg', 3, 0, NULL, 'Razoável',
NULL, 3, NULL, NULL,
'Sala CF', NULL, NULL, 'GM'),
('EDF', 'V Colete Reversível 3x3 KIT (azul e rosa)', 5, 5, NULL, NULL,
NULL, NULL, NULL, NULL,
'Arm2', '3 L e 2 XL', NULL, NULL),
('EDF', 'CF Peso 1Kg', 5, 0, NULL, 'Razoável',
2, 3, NULL, NULL,
'Sala CF', '2 azuis, 2 vermelhos, 1 preto', NULL, 'GM'),
('EDF', 'CF Peso 2Kg', 4, 0, NULL, 'Razoável',
NULL, 4, NULL, NULL,
'Sala CF', '.', NULL, 'GM'),
('EDF', 'CF Peso 5Kg', 2, 0, NULL, 'Bom',
2, NULL, NULL, NULL,
'Sala CF', '.', NULL, 'GM'),
('EDF', 'BASQ Bola Xsports soft Touch celular T5', 4, 0, 'Topgim 11-2021', NULL,
NULL, NULL, NULL, NULL,
'Arr1', NULL, NULL, 'MR'),
('EDF', 'BASQ Bola Xsports soft Touch celular T6', 6, 0, 'Topgim 11-2021', NULL,
NULL, NULL, NULL, NULL,
'Arr1', NULL, NULL, 'MR'),
('EDF', 'BASQ Bola Xsports soft Touch celular T3', 4, 0, 'Topgim 11-2021', NULL,
NULL, NULL, NULL, NULL,
'Arr1', NULL, NULL, 'MR'),
('EDF', 'FUTSAL Bola Mikasa, FPF Official FLL333S-WR Verm/Br', 6, 0, 'Topgim 11-2021', NULL,
NULL, NULL, NULL, NULL,
'Arr1', NULL, NULL, 'MR'),
('EDF', 'V Freeball Maxi 55mm', 20, 0, 'Topgim 11-2021', NULL,
NULL, NULL, NULL, NULL,
'Arr1', NULL, NULL, 'MR'),
('EDF', 'TENISC Balde Bolas Tellon 72 unidd', 1, 0, 'Topgim 11-2021', NULL,
NULL, NULL, NULL, NULL,
'Arr1', NULL, NULL, 'MR'),
('EDF', 'TENISC Bolas Tellon Red Ball 75mm Nível3', 50, 0, 'Topgim 11-2021', NULL,
NULL, NULL, NULL, NULL,
'Arr1', NULL, NULL, 'MR'),
('EDF', 'TENISM Bolas 3 estrelas Competição 1X6 un.', 10, 0, 'Topgim 11-2021', NULL,
NULL, NULL, NULL, NULL,
'Arr1', NULL, NULL, 'MR'),
('EDF', 'V Cronómetro electrónico escolar', 6, 0, 'Topgim 11-2021', NULL,
NULL, NULL, NULL, NULL,
'Arr1', NULL, NULL, 'MR'),
('DE', 'TENISM Raquetes Tibahar Samsonov 2000', 12, 0, 'Topgim 11-2021', 'Abate',
NULL, NULL, NULL, 5,
'Arr1', NULL, NULL, 'MR'),
('EDF', 'CF Pesos Caneleiras', 13, 0, NULL, 'Razoável',
NULL, 13, NULL, NULL,
'Sala CF', '6 de 1kg, 4 de 2kg e 3 de 3kg', '.', 'GM'),
('EDF', 'BAD Voadores Tellon Nylon T-200 Médio 1X6 uni.', 4, 0, 'Topgim 11-2021', NULL,
NULL, NULL, NULL, NULL,
'Arr1', NULL, NULL, 'MR'),
('EDF', 'CF SECA 813 balança', 1, 0, NULL, 'Mau',
NULL, NULL, 1, NULL,
'Arr1', 'Para arranjo 3/07/2023', NULL, 'GM'),
('EDF', 'CF Step Aeróbica c/2 níveis', 5, 0, 'Viduedo 12-2024', 'Bom',
5, NULL, NULL, NULL,
'Sala CF', NULL, NULL, 'GM'),
('EDF', 'CF TRX', 8, 8, NULL, NULL,
NULL, NULL, NULL, NULL,
'Arm5', NULL, NULL, 'GM'),
('EDF', 'CORF Bola Mikasa K5-IKF', 3, 1, 'Topgim 11-2021', 'Abate',
1, NULL, NULL, 1,
'Arr2', 'Topgim 11-2021 (Abate) / Bola em stock Arr1', NULL, 'GM'),
('EDF', 'CORF Postes e cestos vime', 1, 0, 'Viduedo 02-2020', 'Bom',
1, NULL, NULL, NULL,
'Arr2', NULL, NULL, 'GM'),
('DE', 'EQUP Calções Azuis Escuros e Risca branca', 17, 0, NULL, 'Bom',
17, NULL, NULL, NULL,
'Arr2', NULL, 'M- 8 e L-9', 'GM'),
('DE', 'EQUP Calções Azul bébé', 11, 0, NULL, 'Bom',
11, NULL, NULL, NULL,
'Arr1', 'Caixa Verde - nº5', NULL, 'GM'),
('DE', 'EQUP Calções Pretos', 35, 0, NULL, 'Bom',
33, NULL, NULL, NULL,
'Arr2', 'Prateleira de atletismo CX2', 'L-10 / M-13 (Falta 2) /S-5 / XS-5', 'GM'),
('DE', 'EQUP Camisola de Arbitro', 6, 0, NULL, 'Bom',
6, NULL, NULL, NULL,
'Arr2', 'Cacifonº8', '3 - Az e Pr / 2 - Vr e Pr / 1 - Br e Pr', 'GM'),
('DE', 'EQUP Camisola de Cavas (Branca risca Cinza)', 29, 0, NULL, 'Bom',
29, NULL, NULL, NULL,
'Arr2', NULL, 'Cacifo 5 Tamanhos: M - 9 (2 s/nº, do ºn 28 ao 35 s/ o nº32) XS - 10 (do nº 10 ao 19) / S - 10 (do nº 20 ao 27 e o 32 e ainda 1 sem nº)', 'GM'),
('DE', 'EQUP Camisolas Azul bébé (T-Shirts)', 11, 0, NULL, 'Bom',
11, NULL, NULL, NULL,
'Arr1', 'Caixa Verde - nº5', NULL, 'GM'),
('DE', 'EQUP Camisolas manga comprida (riscas Br e Cinza)', 20, 0, NULL, 'Bom',
20, NULL, NULL, NULL,
'Arr2', NULL, 'Tamanhos: S- 11/ 12_14 - 10', 'GM'),
('DE', 'EQUP Conjunto Coca-cola branco', 1, 0, NULL, 'Razoável',
NULL, 1, NULL, NULL,
'Arr1', 'Caixa Verde - nº1 (Braçadeira de Capitão e Calças de Gr)', '4 - Camisolas / 1 - Calção / 5-Meias (Falta 1)', 'GM'),
('EDF', 'V Fita marcadora (de colar)', 13, 10, NULL, NULL,
NULL, NULL, NULL, NULL,
'Arr1', '5 vermelhas e brancas, 4 vermelhas, 2 azuis, 1 amarela, 1 preta', NULL, NULL),
('DE', 'EQUP Conjunto Coca-cola Vermelho', 1, 0, NULL, 'Razoável',
NULL, 1, NULL, NULL,
'Arr1', 'Caixa Verde - nº1', '10 - Camisolas / 8 - Calções (Falta 2)', 'GM'),
('DE', 'EQUP Conjunto Patrick Vermelho Calções,', 1, 0, NULL, 'Razoável',
NULL, 1, NULL, NULL,
'Arr2', 'Cacifo nº6', '12+1GR / 7 - Calções Br (Falta 1) / 17 - Meias', 'GM'),
('DE', 'EQUP Meias Azuis escuras', 15, 1, NULL, 'Bom',
14, NULL, NULL, NULL,
'Arr2', NULL, NULL, 'GM'),
('DE', 'EQUP Meias Azul bébé', 10, 0, NULL, 'Bom',
10, NULL, NULL, NULL,
'Arr1', 'Caixa Verde - nº5', NULL, 'GM'),
('DE', 'EQUP Meias pretas', 4, 0, NULL, 'Bom',
4, NULL, NULL, NULL,
'Arr2', NULL, NULL, 'GM'),
('DE', 'EQUP Polo azul', 6, 0, NULL, 'Bom',
2, NULL, NULL, NULL,
'Arr2', 'Cacifo nº8', '1 - L / 1 - S (Falta 4)', 'GM'),
('DE', 'EQUP T-Shirt branca / Logotipo Vermelho nas costas (AEGM)', 65, 0, NULL, 'Mau',
63, NULL, 2, NULL,
'Arr2', 'Prateleira Atletismo CX1', 'L - 10 / M - 4 / S - 1716 / 12a - 32', 'GM'),
('DE', 'EQUP T-Shirts Branca c/ gola (E.S.G.M)', 13, 0, NULL, 'Bom',
13, NULL, NULL, NULL,
'Arr2', NULL, '12 - Azul + 2 Vermelhas', 'GM'),
('DE', 'EQUP T-Shirts Az com riscas Br e Cin (AEGM) 12a', 33, 0, NULL, 'Bom',
8, NULL, NULL, NULL,
'Arr2', NULL, 'Tamanho 12a (25 na MR)', 'GM'),
('DE', 'EQUP T-Shirts Az com riscas Br e Cin (AEGM) L', 4, 0, NULL, 'Abate',
0, NULL, NULL, 2,
'Arr2', NULL, 'Tamanho L (Faltam 3)', 'GM'),
('DE', 'EQUP T-Shirts Az com riscas Br e Cin (AEGM) M', 8, 0, NULL, 'Abate',
2, NULL, NULL, 2,
'Arr2', NULL, 'Tamanho M (Falta 1+3)', 'GM'),
('DE', 'EQUP T-Shirts Az com riscas Br e Cin (AEGM) S', 15, 0, NULL, 'Abate',
6, NULL, NULL, 2,
'Arr2', NULL, 'Tamanho S (7 na MR)', 'GM'),
('DE', 'EQUP T-Shirts Branca com riscas Az e Cin (AEGM)', 11, 0, NULL, 'Bom',
11, NULL, NULL, NULL,
'Arr2', NULL, 'Tamanho 6 - L / 5 - M / 1 - S', 'GM'),
('DE', 'EQUP T-Shirts Azul escura Manga Curta Risca Br. (E.S.G.M)', 9, 0, NULL, 'Bom',
9, NULL, NULL, NULL,
'Arr2', NULL, 'L-4 (nº 7,9,11,14) e M-5 (nº2,3,4,5,8)', 'GM'),
('DE', 'EQUP T-Shirts Vermelhas - Badminton', 36, 0, NULL, 'Bom',
36, NULL, NULL, NULL,
'Arr2', 'Cacifo nº1', 'Tamanhos: 8a-6/M-5/S-7/12a-18', 'GM'),
('DE', 'ESC Arnês - Azul e Vermelho', 4, 0, NULL, 'Razoável',
NULL, 4, NULL, NULL,
'Arr1', 'Caixa Amarela -Leonel', NULL, 'GM'),
('DE', 'ESC Arnês - Vermelho e Preto', 3, 0, NULL, 'Bom',
3, NULL, NULL, NULL,
'Arr1', 'Caixa Amarela -Leonel', NULL, 'GM'),
('DE', 'ESC Arnês Simond', 8, 0, NULL, 'Bom',
8, NULL, NULL, NULL,
'Arr1', 'Caixa tampa azul - 1', 'S/M -4 L/XL- 4', 'GM'),
('DE', 'ESC Arneses C/Saco', 3, 0, NULL, 'Bom',
3, NULL, NULL, NULL,
'Arr1', 'Caixa Amarela -Leonel', NULL, 'GM'),
('DE', 'ESC Capacetes branco', 8, 0, NULL, 'Bom',
8, NULL, NULL, NULL,
'Arr1', 'Caixa tampa azul - 1', 'L -4 e M-4', 'GM'),
('DE', 'ESC Cintas Grandes', 3, 0, NULL, NULL,
NULL, NULL, NULL, NULL,
'Arr1', 'Caixa Amarela -Leonel', NULL, 'GM'),
('DE', 'ESC Cintas Médias', 5, 0, NULL, NULL,
NULL, NULL, NULL, NULL,
'Arr1', 'Caixa Amarela -Leonel', NULL, 'GM'),
('DE', 'ESC Cintas Pequenas', 3, 0, NULL, NULL,
NULL, NULL, NULL, NULL,
'Arr1', 'Caixa Amarela -Leonel', NULL, 'GM'),
('DE', 'ESC Cordas Ama e Azul', 2, 0, NULL, 'Razoável',
NULL, 2, NULL, NULL,
'Arr1', 'Caixa Amarela -Leonel', NULL, 'GM'),
('DE', 'ESC Cordas Decathlon 35m / 10mm - Simond', 8, 5, NULL, 'Bom',
3, NULL, NULL, NULL,
'Arr1', 'Caixa tampa azul - 1', NULL, 'GM'),
('DE', 'ESC Descendedor GRIGRI', 2, 0, 'Viduedo 10-2021', NULL,
NULL, NULL, NULL, NULL,
'Arr1', NULL, 'opcional', 'GM'),
('DE', 'ESC Fita Escalada +M197+C19+C197:L197', 12, 0, NULL, 'Bom',
12, NULL, NULL, NULL,
'Arr1', 'Caixa Amarela -Leonel', 'este ano só há 2??', 'GM'),
('DE', 'ESC Grigri', 1, 0, NULL, 'Bom',
1, NULL, NULL, NULL,
'Arr1', 'Caixa tampa azul - 1', NULL, 'GM'),
('DE', 'ESC Luvas brancas', 1, 0, NULL, 'Razoável',
NULL, 1, NULL, NULL,
'Arr1', 'Caixa tampa Azul - 1', NULL, 'GM'),
('DE', 'ESC Mosquetão', 4, 0, NULL, 'Bom',
4, NULL, NULL, NULL,
'Arr1', 'Caixa Amarela -Leonel', NULL, 'GM'),
('DE', 'ESC Mosquetão Azul', 7, 0, NULL, 'Bom',
7, NULL, NULL, NULL,
'Arr1', 'Caixa tampa azul - 1', NULL, 'GM'),
('DE', 'ESC Oitos', 4, 0, NULL, 'Bom',
4, NULL, NULL, NULL,
'Arr1', 'Caixa Amarela -Leonel', NULL, 'GM'),
('DE', 'ESC Oitos Canyoning / Maskoon', 8, 4, NULL, 'Bom',
4, NULL, NULL, NULL,
'Arr1', 'Caixa tampa azul - 1', 'Desapareceram 4 ???', 'GM'),
('DE', 'ESC Outros materiais', 2, 0, NULL, 'Razoável',
1, 1, NULL, NULL,
'Arr1', 'Caixa tampa azul - 2', '1 par de luvas + 1 rolo fita adesiva', 'GM'),
('DE', 'ESC Passador Tubular', 2, 0, NULL, 'Bom',
2, NULL, NULL, NULL,
'Arr1', 'Caixa Amarela -Leonel', '2 Tipos (1 preto/1 multicolor)', 'GM'),
('DE', 'ESC Presas - Parede escalada', 31, 31, NULL, NULL,
NULL, NULL, NULL, NULL,
'Arr1', 'Caixa tampa azul - 1', '20ama/3az/8pr com parafusos', 'GM'),
('DE', 'ESC Roldana dupla', 1, 0, NULL, 'Bom',
1, NULL, NULL, NULL,
'Arr1', 'Caixa Amarela -Leonel', NULL, 'GM'),
('DE', 'ESC Rolo de Fita', 1, 0, NULL, 'Razoável',
NULL, 1, NULL, NULL,
'Arr1', 'Caixa Amarela -Leonel', NULL, 'GM'),
('DE', 'ESC Saco de magnésio c/ luva', 1, 0, NULL, 'Razoável',
NULL, 1, NULL, NULL,
'Arr1', 'Caixa Amarela -Leonel', NULL, 'GM'),
('EDF', 'FIT caixa do teste de flexibilidade ( 1 metal )', 1, 0, NULL, 'Razoável',
NULL, 1, NULL, NULL,
'G2', 'a caixa de madeira partiu-se', NULL, 'GM'),
('EDF', 'FIT Estadiómetro', 1, 0, NULL, 'Razoável',
NULL, 1, NULL, NULL,
'WC', 'só encontrámos 1', NULL, 'GM'),
('EDF', 'FIT Estadiómetro', 1, 0, NULL, 'Razoável',
NULL, 1, NULL, NULL,
'Sala CF', NULL, NULL, 'GM'),
('EDF', 'FIT Medidor Impulsão Vertical', 1, 0, NULL, 'Abate',
NULL, NULL, NULL, 1,
'G1', NULL, NULL, 'GM'),
('EDF', 'FIT Tapete de Impulsão Horizontal', 1, 0, NULL, 'Bom',
1, NULL, NULL, NULL,
'Arr1', NULL, NULL, 'GM'),
('EDF', 'FRISBEE Azuis tamanho peq', 2, 0, NULL, 'Mau',
NULL, NULL, 2, NULL,
'Arr2', NULL, NULL, 'GM'),
('EDF', 'FRISBEE Brancos', 20, 16, NULL, 'Bom',
4, NULL, NULL, NULL,
'Arr2', 'Chegaram 30 mas foram para a MR', '10 foram para a MR', 'GM'),
('EDF', 'FUT Bola Futsal XSPORT Maxter', 15, 5, NULL, 'Mau',
5, NULL, 1, NULL,
'Arr1', '4 desaparecidas', NULL, 'GM'),
('EDF', 'FUT Bola T5 Xsports XS5VSL', 10, 0, 'Topgim 22-12-2022', 'Abate',
4, NULL, NULL, 6,
'Arr2', NULL, NULL, 'GM'),
('EDF', 'FUT Bola XSportsXB7SBThermo Bonded Couro PU T4', 5, 3, 'Topgim 11-2021', NULL,
NULL, NULL, NULL, NULL,
'Arr1', NULL, 'Falta 2?', 'GM'),
('EDF', 'FUT Bola XSportsXB7SBThermo Bonded Couro PU T5', 5, 3, 'Topgim 11-2021', NULL,
NULL, NULL, NULL, NULL,
'Arr1', NULL, 'Falta 2?', 'GM'),
('EDF', 'FUTSAL Bola 100 63cm branco', 6, 0, 'Decathlon 11-2019', NULL,
NULL, NULL, NULL, NULL,
'Arr1', NULL, NULL, 'GM'),
('EDF', 'Futsal Bola IMVISO', 1, 0, NULL, 'Razoável',
NULL, 1, NULL, NULL,
'Arr1', '.', '.', 'GM'),
('DE', 'FUTSAL Bola Mikasa, FPF Official FLL333S-WR Verm/Br', 6, 0, 'Viduedo 10-2021', 'Bom',
5, NULL, NULL, NULL,
'Arr1', 'Desaparecidas', 'b3 / Falta 1', 'GM'),
('EDF', 'FUTSAL Bola Vector Master', 12, 12, 'Topgim 22-12-2022', NULL,
NULL, NULL, NULL, NULL,
'Arr1', '.', '.', 'GM'),
('EDF', 'FUTSAL Bola Xsport', 1, 0, NULL, 'Razoável',
NULL, 1, NULL, NULL,
'Arr1', '.', '.', 'GM'),
('EDF', 'GIN 2 cadeiras', 2, 0, NULL, 'Mau',
NULL, NULL, 2, NULL,
'G2', NULL, NULL, 'GM'),
('EDF', 'GIN arcos', 22, 0, NULL, 'Mau',
NULL, 21, 1, NULL,
'G1', '9 médios (6 verdes e 3 verme), 4 peq. (3 amar. e 1 verde)', NULL, 'GM'),
('EDF', 'GIN bock com arções', 1, 0, NULL, 'Mau',
NULL, NULL, 1, NULL,
'G2', 'Foram tiradas as arções', NULL, 'GM'),
('EDF', 'GIN bock sem arções', 1, 0, NULL, 'Mau',
NULL, NULL, 1, NULL,
'G2', '.', NULL, 'GM'),
('EDF', 'GIN cavalo com arções', 1, 0, NULL, 'Mau',
NULL, NULL, 1, NULL,
'G2', 'Foram tiradas as arções', NULL, 'GM'),
('EDF', 'GIN Colchão 30Kg, 180x58x1,8cm', 13, 13, 'Viduedo 12-2024', NULL,
0, NULL, NULL, NULL,
'Arr2', NULL, NULL, 'GM'),
('DE', 'CF Colchão Individual eco 180cmX50cmX1cm', 30, 0, 'Mooveme 10-2021', NULL,
NULL, NULL, NULL, NULL,
'Arr1', NULL, 'Outros materiais', 'MR'),
('EDF', 'VOL Bola Mikasa Iniciação', 10, 0, 'Mooveme 10-2021', NULL,
NULL, NULL, NULL, NULL,
'Arr1', NULL, NULL, 'MR'),
('EDF', 'GIN colchão capa pvc cantos reforçados 2x1m vermelho', 1, 0, NULL, 'Razoável',
NULL, 1, NULL, NULL,
'G2', '.', NULL, 'GM'),
('DE', 'BOC Kit Arbitragem - Bolsa c/raquete compasso e fita', 2, 0, 'Mooveme 10-2021', NULL,
NULL, NULL, NULL, NULL,
'Arr1', NULL, 'opcional', 'MR'),
('DE', 'BOC MarcadorManual c/ indicação tempo', 1, 0, 'Mooveme 10-2021', NULL,
NULL, NULL, NULL, NULL,
'Arr1', NULL, 'opcional', 'MR'),
('DE', 'TENISM Separador Tibhar 2m', 6, 0, 'Mooveme 10-2021', NULL,
NULL, NULL, NULL, NULL,
'Arr1', NULL, 'opcional', 'MR'),
('EDF', 'GIN colchões azuis de ginástica', 6, 0, NULL, 'Razoável',
NULL, 6, NULL, NULL,
'G2', '.', NULL, 'GM'),
('EDF', 'GIN Colchões capa verde de 2x1m', 3, 0, NULL, 'Razoável',
NULL, 3, NULL, NULL,
'G2', '.', NULL, 'GM'),
('EDF', 'GIN colchões de queda Az e Cinz', 3, 0, NULL, 'Razoável',
NULL, 3, NULL, NULL,
'G2', '.', NULL, 'GM'),
('EDF', 'GIN colchões lona verde escura 0,05X1,20X2,00', 6, 0, NULL, 'Mau',
NULL, NULL, 6, NULL,
'G2', '.', NULL, 'GM'),
('EDF', 'GIN colchões lona verde espessura mais estreita', 4, 4, NULL, NULL,
NULL, NULL, NULL, NULL,
'G2', 'Não se encontram', NULL, 'GM'),
('EDF', 'GIN colchões verdes 0,10X1,20X1,80', 4, 0, NULL, 'Abate',
NULL, 3, NULL, 1,
'G2', '.', NULL, 'GM'),
('EDF', 'GIN Mini-trampolim (lona pequena)', 1, 0, NULL, 'Abate',
NULL, NULL, NULL, 1,
'G2', 'Falta uma peça', '.', 'GM'),
('EDF', 'GIN Mini-trampolim Eurotramp, aberto', 2, 0, 'Viduedo 07-2021', 'Mau',
NULL, 1, 1, NULL,
'G2', NULL, 'Outros materiais', 'GM'),
('EDF', 'GIN Plano inclinado (iniciação rolamento á retaguarda)', 2, 0, NULL, 'Razoável',
NULL, 2, NULL, NULL,
'G2', 'confirmar quantos', NULL, 'GM'),
('EDF', 'GIN plinto de 6 caixas', 2, 0, NULL, 'Razoável',
NULL, 2, NULL, NULL,
'G2', '.', NULL, 'GM'),
('EDF', 'GIN plinto de 8 caixas', 2, 0, NULL, 'Mau',
NULL, 1, 1, NULL,
'G2', '.', NULL, 'GM'),
('EDF', 'GIN plinto de espuma laranja e azul', 1, 0, NULL, 'Mau',
NULL, NULL, 1, NULL,
'G2', '.', NULL, 'GM'),
('EDF', 'GIN quadro para escrever (1 ardósia, 1 caneta)', 2, 0, NULL, 'Abate',
NULL, NULL, NULL, 2,
'G2', NULL, NULL, 'GM'),
('DE', 'EQUP Calções', 76, 0, '2021', NULL,
NULL, NULL, NULL, NULL,
'Arr1', NULL, 'b1', NULL),
('EDF', 'FUTSAL Bola Vector Master', 8, 0, 'Topgim 22-12-2022', NULL,
NULL, NULL, NULL, NULL,
'Arr1', NULL, NULL, 'MR'),
('EDF', 'GIN RIT Bolas', 6, 0, NULL, 'Mau',
NULL, NULL, 6, NULL,
'G1', '.', '.', 'GM'),
('EDF', 'GIN RIT Massas', 50, 0, NULL, 'Abate',
NULL, 49, NULL, 1,
'Arr1', '.', '.', 'GM'),
('EDF', 'GIN rolo de ginástica', 4, 0, NULL, 'Mau',
NULL, NULL, 4, NULL,
'G2', '.', NULL, 'GM'),
('EDF', 'GIN Trampolins reuter', 2, 0, NULL, 'Mau',
NULL, 1, 1, NULL,
'G2', '.', NULL, 'GM'),
('EDF', 'GIN trampolins suecos', 2, 0, NULL, 'Abate',
NULL, NULL, 1, 1,
'G2', '.', NULL, 'GM'),
('EDF', 'GOALB Bola de guizos', 1, 0, NULL, 'Razoável',
NULL, 1, NULL, NULL,
'Arr1', NULL, NULL, 'GM'),
('DE', 'EQUP FUTSAL Camisola … c/sublimação', 12, 0, '2021', NULL,
NULL, NULL, NULL, NULL,
'Arr1', NULL, 'b2', NULL),
('DE', 'EQUP Meias azuis?', 32, 0, '2021', NULL,
NULL, NULL, NULL, NULL,
'Arr1', NULL, 'b1', NULL),
('DE', 'EQUP VOL Camisola Br s/mangas c/sublimação', 26, 0, '2021', NULL,
NULL, NULL, NULL, NULL,
'Arr1', NULL, 'b1', NULL),
('DE', 'EQUP BASQ Camisola Br de alsas c/ impressão', 26, 0, '2021', NULL,
NULL, NULL, NULL, NULL,
'Arr1', NULL, 'b1', NULL),
('DE', 'EQUP GR Camisola Azul, manga comprida c/ sublimação', 2, 0, '2021', NULL,
NULL, NULL, NULL, NULL,
'Arr1', NULL, 'b1', NULL),
('DE', 'EQUP Pólo (PA 457) c/ impressão', 46, 0, '2021', NULL,
NULL, NULL, NULL, NULL,
'Arr1', NULL, 'b1', NULL),
('DE', 'EQUP Tshits Br manga curta c/ impressão', 36, 0, '2021', NULL,
NULL, NULL, NULL, NULL,
'Arr1', NULL, 'b2', NULL),
('DE', 'EQUP Camisola Técnica (MALL) mang acomp. Azul c/impressão', 20, 0, '2021', NULL,
NULL, NULL, NULL, NULL,
'Arr1', NULL, 'b1', NULL),
('EDF', 'MFIXO Candeiros/Gaiolas', 6, 0, NULL, 'Razoável',
NULL, 6, NULL, NULL,
'G2', NULL, NULL, 'GM'),
('EDF', 'MFIXO Candeiros/Gaiolas', 12, 0, NULL, 'Abate',
NULL, 7, NULL, 5,
'G1', NULL, NULL, 'GM'),
('EDF', 'MFIXO Espaldares', 21, 0, NULL, NULL,
NULL, NULL, NULL, NULL,
'G2', '.', '.', 'GM'),
('EDF', 'MFIXO Espaldares', 33, 0, '2020', 'Razoável',
NULL, 33, NULL, NULL,
'G1', '.', '.', 'GM'),
('EDF', 'MFIXO Tabelas de Basquetebol', 2, 0, NULL, 'Abate',
NULL, NULL, NULL, 2,
'CAnd', NULL, NULL, 'GM'),
('EDF', 'MFIXO Tabelas de Basquetebol', 1, 0, NULL, 'Mau',
NULL, NULL, 1, NULL,
'C3X3', NULL, NULL, 'GM'),
('EDF', 'MFIXO Tabelas de Basquetebol (1basculante e 1 fixa)', 2, 0, NULL, 'Abate',
NULL, 1, NULL, 1,
'G1', NULL, NULL, 'GM'),
('EDF', 'MMOVEL Banco suecos', 3, 0, NULL, 'Razoável',
NULL, 3, NULL, NULL,
'G2', '.', '.', 'GM'),
('EDF', 'MMOVEL Banco suecos', 7, 0, NULL, 'Razoável',
NULL, 7, NULL, NULL,
'G1', 'está 1 em falta - verificar', '.', 'GM'),
('EDF', 'NAT barbatanas 31-32 Azuis/Amar ( Golfinho)', 2, 0, 'Decatlon 09-2019', NULL,
NULL, NULL, NULL, NULL,
'Arr2', NULL, 'São as de melhor qualidade/preço', 'GM'),
('EDF', 'NAT barbatanas 33-34 Azuis/Amar', 2, 0, 'Decatlon 09-2019', NULL,
NULL, NULL, NULL, NULL,
'Arr2', NULL, NULL, 'GM'),
('EDF', 'NAT barbatanas 35-36 Azuis/Amar', 2, 0, 'Decatlon 09-2019', NULL,
NULL, NULL, NULL, NULL,
'Arr2', NULL, NULL, 'GM'),
('EDF', 'NAT barbatanas 37-38 Azuis/Amar', 4, 0, 'Decatlon 09-2019', 'Bom',
1, NULL, NULL, NULL,
'Arr2', NULL, NULL, 'GM'),
('EDF', 'NAT barbatanas 39-40 Azuis/Amar Gallegiante', 4, 0, 'Decatlon 09-2019', 'Bom',
4, NULL, NULL, NULL,
'Arr2', 'Postas a uso em 12 fev24', NULL, 'GM'),
('EDF', 'NAT barbatanas 41-42 Azuis/Amar', 5, 3, 'Decatlon 09-2019', 'Bom',
2, NULL, NULL, NULL,
'Arr2', 'Postas a uso em 12 fev24', NULL, 'GM'),
('EDF', 'NAT barbatanas 43-44 Azuis/Amar', 4, 0, 'Decatlon 09-2019', 'Abate',
1, NULL, NULL, 1,
'Arr2', NULL, NULL, 'GM'),
('EDF', 'NAT barbatanas 45-46 Azuis/Amar', 1, 0, 'Decatlon 09-2019', NULL,
NULL, NULL, NULL, NULL,
'Arr2', NULL, NULL, 'GM'),
('DE', 'NAT Barbatanas curtas 36-38 AmaYa - Azuis', 10, 0, 'Viduedo 10-2021', NULL,
NULL, NULL, NULL, NULL,
'Arr1', 'Piscina', 'opcional', 'GM'),
('DE', 'NAT Barbatanas curtas 39-41 AmaYa - Azuis', 3, 0, 'Viduedo 10-2021', 'Bom',
3, NULL, NULL, NULL,
'Arr1', 'Piscina', NULL, 'GM'),
('DE', 'NAT Barbatanas curtas 42-44 AmaYa - Azuis', 1, 0, 'Viduedo 10-2021', 'Bom',
1, NULL, NULL, NULL,
'Arr1', 'Piscina', NULL, 'GM'),
('EDF', 'NAT Barbatanas curtas/pretas nº 30-33', 1, 1, 'Viduedo 30-12-2024', NULL,
NULL, NULL, NULL, NULL,
'Arr2', NULL, NULL, 'GM'),
('EDF', 'NAT Barbatanas curtas/pretas nº 34-36', 4, 3, 'Viduedo 30-12-2024', 'Bom',
1, NULL, NULL, NULL,
'Arr2', NULL, NULL, 'GM'),
('EDF', 'NAT Barbatanas curtas/pretas nº 37-39', 6, 3, 'Viduedo 30-12-2024', 'Bom',
3, NULL, NULL, NULL,
'Arr2', NULL, NULL, 'GM'),
('EDF', 'NAT Barbatanas curtas/pretas nº40-42', 8, 8, 'Viduedo 30-12-2024', NULL,
NULL, NULL, NULL, NULL,
'Arr2', NULL, NULL, 'GM'),
('EDF', 'NAT Barbatanas curtas/pretas nº43-45', 6, 6, 'Viduedo 30-12-2024', NULL,
NULL, NULL, NULL, NULL,
'Arr2', NULL, NULL, 'GM'),
('EDF', 'NAT Flutuadores', 31, 31, NULL, NULL,
NULL, NULL, NULL, NULL,
'Arr2', NULL, NULL, 'GM'),
('EDF', 'NAT Placas de natação', 24, 24, NULL, NULL,
NULL, NULL, NULL, NULL,
'Arr2', NULL, NULL, 'GM'),
('EDF', 'V Ringues jogo de lançamento', 2, 0, NULL, NULL,
NULL, NULL, NULL, NULL,
'Arr1', NULL, NULL, 'MR'),
('EDF', 'NAT Placas de natação Patos', 10, 10, NULL, NULL,
NULL, NULL, NULL, NULL,
'Arr2', NULL, NULL, 'GM'),
('EDF', 'BAD Raquetes Verm/pretas', 10, 0, NULL, NULL,
NULL, NULL, NULL, NULL,
'Arr1', NULL, NULL, 'MR'),
('EDF', 'BAD Raquetes Conj de 2, Rosa/Verm', 14, 0, NULL, NULL,
NULL, NULL, NULL, NULL,
'Arr1', NULL, NULL, 'MR'),
('EDF', 'BAD Raquetes, amarelas', 6, 0, NULL, NULL,
NULL, NULL, NULL, NULL,
'Arr1', NULL, NULL, 'MR'),
('DE', 'NAT Toucas personalizadas', 107, 107, 'Mooveme 10-2021', NULL,
NULL, NULL, NULL, NULL,
'Arr1', 'sairam em 21/2/24', 'b2', 'GM'),
('DE', 'ORI Alicates Picotadores Tipo A', 10, 0, 'Topgim 01_2023', NULL,
NULL, NULL, NULL, NULL,
'Arr1', 'ver onde estão', NULL, 'GM'),
('DE', 'PADEL Raquetes 2024', 11, 0, 'Prof. Miguel Agapito', 'Razoável',
NULL, 11, NULL, NULL,
'Arr1', 'Arr2', NULL, 'GM'),
('DE', 'Parafusos A', 1, 0, NULL, 'Bom',
1, NULL, NULL, NULL,
'Arr1', 'Caixa tampa azul - 2', NULL, 'GM'),
('DE', 'Parafusos B', 1, 0, NULL, 'Bom',
1, NULL, NULL, NULL,
'Arr1', 'Caixa tampa azul - 2', NULL, 'GM'),
('DE', 'Parafusos C', 3, 0, NULL, 'Bom',
3, NULL, NULL, NULL,
'Arr1', 'Caixa tampa azul - 2', NULL, 'GM'),
('DE', 'Parafusos D', 5, 0, NULL, 'Bom',
5, NULL, NULL, NULL,
'Arr1', 'Caixa tampa azul - 2', NULL, 'GM'),
('DE', 'Parafusos E', 8, 0, NULL, 'Bom',
8, NULL, NULL, NULL,
'Arr1', 'Caixa tampa azul - 2', NULL, 'GM'),
('DE', 'Parafusos F', 8, 0, NULL, 'Bom',
8, NULL, NULL, NULL,
'Arr1', 'Caixa tampa azul - 2', NULL, 'GM'),
('DE', 'Parafusos G', 6, 0, NULL, 'Bom',
6, NULL, NULL, NULL,
'Arr1', 'Caixa tampa azul - 2', NULL, 'GM'),
('EDF', 'PAT Patins Iniciação Pretos', 14, 0, 'Associação EE', 'Abate',
NULL, NULL, 13, 1,
'Arr2', 'Oferta da Associação', NULL, 'GM'),
('EDF', 'RUG Bola Amarelas e Gilbert', 5, 0, NULL, 'Abate',
1, NULL, 1, 3,
'Arr2', '.', NULL, 'GM'),
('EDF', 'RUG Bola Gilbert', 2, 0, NULL, 'Razoável',
NULL, 2, NULL, NULL,
'Arr1', NULL, NULL, 'GM'),
('EDF', 'RUG Bola Offload T5', 2, 0, NULL, 'Razoável',
NULL, 2, NULL, NULL,
'Arr1', 'Verificar se outra está na arrec. 2', NULL, 'GM'),
('EDF', 'RUG Bola R3000 T5 Preto Offload T4', 6, 1, 'Decathlon 11-2019', 'Bom',
1, NULL, NULL, NULL,
'Arr1', NULL, NULL, 'GM'),
('EDF', 'RUG Bola T5 Gisco', 10, 7, 'Topgim 22-12-2022', 'Bom',
3, NULL, NULL, NULL,
'Arr2', 'stock guardado em Arr1 Cx Rug', NULL, 'GM'),
('DE', 'RUG Cintos Azuis - Xsports', 8, 8, NULL, NULL,
NULL, NULL, NULL, NULL,
'Arm2', NULL, NULL, 'GM'),
('EDF', 'RUG Cintos pretos Kukri', 15, 0, NULL, 'Razoável',
NULL, 15, NULL, NULL,
'Arr1', 'Caixa de cartão - TAG', NULL, 'GM'),
('DE', 'RUG cintos pretos Xsports', 15, 12, NULL, NULL,
NULL, NULL, NULL, NULL,
'Arm2', NULL, NULL, 'GM'),
('DE', 'RUG Cintos verdes - Xsports', 8, 8, NULL, NULL,
NULL, NULL, NULL, NULL,
'Arm2', 'stock guardado em Arr1 CX Rug', NULL, 'GM'),
('EDF', 'RUG Cintos vermelhos', 16, 0, NULL, 'Bom',
16, NULL, NULL, NULL,
'Arr1', 'Caixa de cartão - TAG', NULL, 'GM'),
('DE', 'RUG Cintos Vermelhos - Xsports', 8, 8, NULL, NULL,
NULL, NULL, NULL, NULL,
'Arm2', NULL, NULL, 'GM'),
('DE', 'RUG Coletes Amarelos numerados - Nestum', 16, 16, NULL, NULL,
NULL, NULL, NULL, NULL,
'Arr1', 'Caixa Tag-Rugby', NULL, 'GM'),
('DE', 'RUG Coletes Azuis Numerados - Nestum', 20, 20, NULL, NULL,
NULL, NULL, NULL, NULL,
'Arr1', 'Caixa Tag-Rugby', NULL, 'GM'),
('DE', 'RUG Coletes Verdes Numerados - Nestum', 5, 5, NULL, NULL,
NULL, NULL, NULL, NULL,
'Arr1', 'Caixa Tag-Rugby', NULL, 'GM'),
('DE', 'RUG Conjunto de fitas e cintos Amarelos ou verdes - Nestum', 7, 7, NULL, NULL,
NULL, NULL, NULL, NULL,
'Arr1', NULL, NULL, 'GM'),
('DE', 'RUG Conjunto de fitas e cintos azuis - Nestum', 7, 7, NULL, NULL,
NULL, NULL, NULL, NULL,
'Arr1', NULL, NULL, 'GM'),
('EDF', 'RUG Fitas azuis e verdes (7 e 5)', 12, 0, NULL, 'Razoável',
NULL, 12, NULL, NULL,
'Arr1', 'Caixa de cartão - TAG', NULL, 'GM'),
('EDF', 'RUG Fitas azuis e verdes (7 e 6)', 15, 0, NULL, 'Abate',
NULL, 13, NULL, 2,
'Arr1', 'Caixa de cartão - TAG', NULL, 'GM'),
('EDF', 'RUG Fitas verm e ama cintos Pr/Verm/Br', 14, 0, NULL, 'Abate',
NULL, NULL, NULL, 14,
'Arr1', 'Caixa Cr - Material velho', 'Ftv-3/Fta-3/Ctp-2/Ctv-1/Ctb-5', 'GM'),
('EDF', 'SPEED KIT s65 (2 raq. e vol.)', 1, 1, 'Topgim', NULL,
NULL, NULL, NULL, NULL,
'Arm2', NULL, NULL, 'GM'),
('EDF', 'SPEED VoadoresSpeedminton Mixpack 1X5 uni.', 5, 4, 'Topgim 11-2021', NULL,
NULL, NULL, NULL, NULL,
'Arm2', NULL, NULL, 'GM'),
('EDF', 'TENISC Bola Red Ball 75mm Nível3', 140, 123, 'Topgim 11-2021 /23', 'Bom',
17, NULL, NULL, NULL,
'Arm2', '.', '.', 'GM'),
('EDF', 'TENISC Bolas Amar/Laranja 8 conj de 3', 24, 20, 'Viduedo 10-2023', 'Bom',
3, NULL, NULL, NULL,
'Arr1', NULL, NULL, 'GM'),
('EDF', 'TENISC Bolas de esponja', 34, 0, NULL, 'Mau',
NULL, 28, 6, NULL,
'Arr2', '6 no saco azul EDF', NULL, 'GM'),
('EDF', 'TENISC Bolas wilson', 6, 0, NULL, 'Bom',
6, NULL, NULL, NULL,
'Arm2', 'Distribuido pelos professores', NULL, 'GM'),
('EDF', 'TENISC Bolas caixa Rucanor', 6, 3, NULL, 'Bom',
6, NULL, NULL, NULL,
'Arm2', 'Cada caixa tras 4 bolas', 'distribuidas pelos colegas', 'GM'),
('EDF', 'TENISC Bola Caixa Teloon (1T com 4 bolas)', 6, 1, NULL, 'Bom',
5, NULL, NULL, NULL,
'Arm2', 'Cada caixa tras 4 bolas', 'distribuidas pelos colegas', 'GM'),
('EDF', 'TENISC Grips de substituição', 14, 0, NULL, 'Abate',
NULL, NULL, NULL, 14,
'Arm2', NULL, NULL, 'GM'),
('EDF', 'TENISC Raquete Sportime Amarelo e Preto', 10, 4, NULL, 'Razoável',
NULL, 6, NULL, NULL,
'Arr1', 'As raq em stock estão no Arm2', '.', 'GM'),
('EDF', 'TENISC Raquete Victor - 25´', 5, 5, 'Topgim 22-12-2022', NULL,
NULL, NULL, NULL, NULL,
'Arr1', NULL, NULL, 'GM'),
('EDF', 'TENISC Raquete Victor - 27´', 5, 5, 'Topgim 22-12-2022', NULL,
NULL, NULL, NULL, NULL,
'Arr1', 'dentro do saco de ténis', NULL, 'GM'),
('EDF', 'TENISC Raquete Xsports', 19, 11, NULL, 'Bom',
8, NULL, NULL, NULL,
'Arm2', 'Verificar', '8 a uso Arr2', 'GM'),
('EDF', 'TENISC Raquetes Artengo (Conjunto de 2 Raq.)', 2, 2, NULL, NULL,
NULL, NULL, NULL, NULL,
'Arm2', NULL, NULL, 'GM'),
('EDF', 'TENISC Raquetes Inesis', 1, 0, NULL, 'Razoável',
NULL, 1, NULL, NULL,
'Arr2', NULL, NULL, 'GM'),
('EDF', 'TENISC Raquetes Pro Comp Mid', 3, 0, NULL, 'Razoável',
NULL, 3, NULL, NULL,
'Arr2', 'Boa qualidade', NULL, 'GM'),
('EDF', 'TENISC Raquetes Qiangli 570', 6, 0, NULL, 'Abate',
NULL, NULL, 5, 1,
'Arr2', NULL, NULL, 'GM'),
('EDF', 'TENISC Raquetes Qiangli 631', 8, 0, NULL, 'Abate',
NULL, NULL, 5, 3,
'Arr2', NULL, NULL, 'GM'),
('DE', 'TENISC Saco de transporte 530L - Preto/laran - Artengo', 2, 1, 'Topgim - 22-12-2022', NULL,
NULL, NULL, NULL, NULL,
'Arr1', 'o outro saco está na MR', NULL, 'GM'),
('EDF', 'TENISM A NB enebe azul', 1, 0, NULL, 'Mau',
NULL, NULL, 1, NULL,
'G1', 'Arranjar', NULL, 'GM'),
('DE', 'TENISM bolas Corcaixanilleou', 3, 2, NULL, 'Razoável',
NULL, 1, NULL, NULL,
'Arm2', '1/2 caixa em utilização', NULL, 'GM'),
('EDF', 'TENISM M (2 tábuas)', 1, 0, NULL, 'Mau',
NULL, NULL, 1, NULL,
'G1', NULL, NULL, 'GM'),
('DE', 'TENISM máquina de lançamento bolas ténnis budy', 1, 0, NULL, 'Bom',
1, NULL, NULL, NULL,
'Arr1', NULL, NULL, 'GM'),
('DE', 'TENISM MESA SPONETA C/REDE', 1, 0, NULL, 'Abate',
NULL, NULL, NULL, 1,
'G1', 'DESPORTO ESCOLAR', NULL, 'GM'),
('EDF', 'TENISM MESA Invertex', 1, 0, NULL, 'Abate',
NULL, NULL, NULL, 1,
'G1', '009454 - Inventário Escola', NULL, 'GM'),
('EDF', 'TENISM MESA MOBAPEC Verde', 1, 0, NULL, 'Mau',
NULL, NULL, 1, NULL,
'G1', NULL, NULL, 'GM'),
('EDF', 'TENISM MESA Xsport 2 metades', 2, 0, NULL, 'Razoável',
NULL, 2, NULL, NULL,
'G1', NULL, NULL, 'GM'),
('EDF', 'TENISM Raquetes de marca variada', 8, 0, NULL, 'Abate',
2, NULL, 3, 3,
'Arm2', NULL, NULL, 'GM'),
('DE', 'TENISM Raquetes Donier Caixa', 4, 3, NULL, 'Bom',
1, NULL, NULL, NULL,
'Arr1', '1 no saco do DE', NULL, 'GM'),
('DE', 'TENISM Raquetes Donier s/caixa', 8, 0, NULL, 'Razoável',
3, 5, NULL, NULL,
'Arm2', '5 no saco de EDF', NULL, 'GM'),
('DE', 'TENISM Raquetes Elite yasaka', 8, 8, 'Viduedo 02-2020', NULL,
NULL, NULL, NULL, NULL,
'Arm2', NULL, NULL, 'GM'),
('DE', 'TENISM Raquetes Giant Dragon', 2, 2, NULL, NULL,
NULL, NULL, NULL, NULL,
'Arm2', NULL, NULL, 'GM'),
('EDF', 'TENISM Raquetes Giant Dragon - Karate', 10, 7, NULL, 'Bom',
3, NULL, NULL, NULL,
'Arm2', NULL, 'Falta lançar ANA SOFIA', 'GM'),
('EDF', 'TENISM Raquetes Giant Dragon - Taichi', 4, 4, NULL, NULL,
NULL, NULL, NULL, NULL,
'Arm2', NULL, 'Falta lançar ANA SOFIA', 'GM'),
('DE', 'TENISM Raquetes Nexeo / X70', 8, 5, NULL, 'Abate',
1, NULL, NULL, 2,
'Arm2', '1 no saco de EDF', NULL, 'GM'),
('DE', 'TENISM Raquetes Tibhar Samsonov', 4, 2, NULL, 'Razoável',
NULL, 2, NULL, NULL,
'Arm2', NULL, NULL, 'GM'),
('DE', 'TENISM Rede com suporte - Casal Sport', 2, 2, NULL, NULL,
NULL, NULL, NULL, NULL,
'Arm2', NULL, NULL, 'GM'),
('DE', 'TENISM Rede com suporte - Softee - azul', 1, 1, NULL, NULL,
NULL, NULL, NULL, NULL,
'Arm2', NULL, NULL, 'GM'),
('EDF', 'TENISM Redes', 2, 0, NULL, 'Razoável',
NULL, 2, NULL, NULL,
'Arr1', 'Saco azul EDF', NULL, 'GM'),
('DE', 'TENISM Redes de mesa verdes - Giant Dragon', 2, 2, NULL, NULL,
NULL, NULL, NULL, NULL,
'Arm2', NULL, NULL, 'GM'),
('DE', 'TENISM Rolnet Artengo', 2, 0, NULL, 'Bom',
2, NULL, NULL, NULL,
'Arr1', '1 no saco azul DE', NULL, 'GM'),
('DE', 'TENISM Saco de bolas Xsports 50bolas', 20, 1, NULL, 'Abate',
6, NULL, NULL, 14,
'Arm2', NULL, 'Falta lançar ANA SOFIA', 'GM'),
('DE', 'TENISM Saco porta raquetes - preto', 1, 0, 'Viduedo 02-2020', NULL,
NULL, NULL, NULL, NULL,
'Arm2', NULL, NULL, 'GM'),
('EDF', 'TENISM Sacos azuis', 4, 1, NULL, 'Razoável',
1, 2, NULL, NULL,
'Arr1', NULL, NULL, 'GM'),
('DE', 'TIRO Arcos', 4, 1, NULL, 'Bom',
3, NULL, NULL, NULL,
'Arr1', NULL, NULL, 'GM'),
('DE', 'TIRO Bastidor tiro com arco 80X80X7cm', 3, 0, 'Topgim 12-2017', NULL,
NULL, NULL, NULL, NULL,
'Arr2', NULL, NULL, 'GM'),
('DE', 'TIRO Braçadeira Comprida Geologic', 3, 0, 'Topgim 12-2017', NULL,
NULL, NULL, NULL, NULL,
'Arr1', NULL, NULL, 'GM'),
('DE', 'TIRO Cavalete p/bastidor', 3, 0, 'Viduedo 07-2021', NULL,
NULL, NULL, NULL, NULL,
'Arr2', NULL, 'Outros materiais', 'GM'),
('DE', 'TIRO Diana c/suporte p/ flecha c/ ventosa', 1, 1, 'Topgim 01_2023', NULL,
NULL, NULL, NULL, NULL,
'Arr2', 'material sem qualidade', NULL, 'GM'),
('DE', 'TIRO Flecha c/ ventosa', 10, 10, 'Topgim 01_2023', NULL,
NULL, NULL, NULL, NULL,
'Arr2', 'material sem qualidade', NULL, 'GM'),
('DE', 'TIRO Flecha carbono, secura med5.5-spin750 comp. 77,8cm', 10, 0, 'Mooveme 10-2021', NULL,
NULL, NULL, NULL, NULL,
'Arr1', NULL, 'outros', 'GM'),
('DE', 'TIRO Flechas Geologic', 8, 0, NULL, 'Razoável',
NULL, 8, NULL, NULL,
'Arr1', '1 saco de transporte', NULL, 'GM'),
('DE', 'Tiro Folhas de Alvo', 5, 2, NULL, 'Bom',
3, NULL, NULL, NULL,
'Arr1', NULL, NULL, 'GM'),
('DE', 'Tiro Setas', 33, 10, NULL, 'Abate',
NULL, 8, NULL, 15,
'Arr1', NULL, 'não sei se incluem as flechas', 'GM'),
('EDF', 'V Agulhas 4 rosca fina e 4 rosca larga', 8, 8, 'Viduedo 30-12-2024', NULL,
NULL, NULL, NULL, NULL,
'Arm2', NULL, NULL, 'GM'),
('EDF', 'V Agulhas de encher - Molten', 3, 0, NULL, 'Abate',
NULL, NULL, NULL, 3,
'Arm2', NULL, NULL, 'GM'),
('EDF', 'V Agulhas de encher - rede c/agulha', 7, 7, NULL, NULL,
NULL, NULL, NULL, NULL,
'Arm2', NULL, NULL, 'GM'),
('EDF', 'V Apitos Bocais', 7, 7, NULL, NULL,
NULL, NULL, NULL, NULL,
'Arm2', NULL, NULL, 'GM'),
('DE', 'V Apitos Manuais', 3, 0, 'Topgim 11-2021', 'Razoável',
NULL, 3, NULL, NULL,
'Arr1', NULL, NULL, 'GM'),
('EDF', 'V Apitos Violetas', 5, 0, 'Decatlon 2020', 'Bom',
5, NULL, NULL, NULL,
'Arr1', NULL, NULL, 'GM'),
('EDF', 'V Arcos (Gr /Me / Pe)', 15, 15, NULL, NULL,
NULL, NULL, NULL, NULL,
'Arr1', '5 Verm. Gr / 5 Azuis Me / 5 Verdes Pe - 1 saco de transporte', NULL, 'GM'),
('EDF', 'V Arcos tamanho único', 7, 0, NULL, 'Bom',
7, NULL, NULL, NULL,
'Arr2', NULL, NULL, 'GM'),
('EDF', 'V Caixote de lixo', 1, 0, NULL, 'Mau',
NULL, NULL, 1, NULL,
'G2', NULL, NULL, 'GM'),
('EDF', 'V Carro Metálico Simples', 2, 0, 'Topgim 11-2021', 'Razoável',
NULL, 2, NULL, NULL,
'G1', '10', NULL, 'GM'),
('DE', 'V Carro transporte de bolas, Azul, Abrir e fechar', 1, 0, NULL, 'Mau',
NULL, NULL, 1, NULL,
'G1', NULL, NULL, 'GM'),
('EDF', 'V Carros de pesos', 1, 0, NULL, 'Razoável',
NULL, 1, NULL, NULL,
'Sala CF', NULL, NULL, 'GM'),
('EDF', 'V Coletes Amarelos Florescentes - Topgim', 2, 2, NULL, NULL,
NULL, NULL, NULL, NULL,
'Arm2', NULL, NULL, 'GM'),
('EDF', 'V Coletes duas cores (Verd / Az) - Topgim', 2, 2, NULL, NULL,
NULL, NULL, NULL, NULL,
'Arm2', NULL, NULL, 'GM'),
('EDF', 'V Coletes duas cores (Verm / Ama) - Topgim', 7, 7, NULL, NULL,
NULL, NULL, NULL, NULL,
'Arm2', NULL, NULL, 'GM'),
('EDF', 'V Coletes Laranjas - Topgim', 5, 5, NULL, NULL,
NULL, NULL, NULL, NULL,
'Arm2', NULL, NULL, 'GM'),
('EDF', 'V Coletes Laranjas Florescentes - Topgim', 12, 12, NULL, NULL,
NULL, NULL, NULL, NULL,
'Arm2', NULL, NULL, 'GM'),
('EDF', 'V Coletes Pretos - Topgim', 5, 5, NULL, NULL,
NULL, NULL, NULL, NULL,
'Arm2', NULL, NULL, 'GM'),
('EDF', 'V Coletes Roxos - Topgim', 5, 5, NULL, NULL,
NULL, NULL, NULL, NULL,
'Arm2', '1 pacote', NULL, 'GM'),
('EDF', 'V Coletes Vermelhos - Topgim', 10, 10, NULL, NULL,
NULL, NULL, NULL, NULL,
'Arm2', '2 pacotes', NULL, 'GM'),
('EDF', 'V Colunas de som', 10, 0, NULL, 'Mau',
NULL, NULL, 10, NULL,
'G1', NULL, NULL, 'GM'),
('EDF', 'V Colunas de Som Grandes pr (antigas)', 2, 0, NULL, 'Razoável',
NULL, 2, NULL, NULL,
'WC', NULL, '.', 'GM'),
('EDF', 'V Colunas Party ?', 1, 0, NULL, NULL,
NULL, NULL, NULL, NULL,
'Arr1', NULL, NULL, 'GM'),
('EDF', 'V Colunas Party Led', 2, 0, NULL, 'Razoável',
1, 1, NULL, NULL,
'Arr1', NULL, NULL, 'GM'),
('EDF', 'V computador', 1, 0, NULL, 'Mau',
NULL, NULL, 1, NULL,
'G1', '.', NULL, 'GM'),
('DE', 'V Cone Sinalização Xsports Luxo23cm Azul 1X18uni.', 18, 0, 'Topgim 11-2021', 'Bom',
18, NULL, NULL, NULL,
'G1', 'Estão no pavilhão municipal', NULL, 'GM'),
('DE', 'V Cone Sinalização Xsports Luxo23cm Laranja1X18uni.', 18, 0, 'Topgim 11-2021', 'Bom',
18, NULL, NULL, NULL,
'Arr1', NULL, NULL, 'GM'),
('DE', 'V Cone Sinalização Xsports Luxo23cm Verde 1X18uni.', 18, 18, 'Topgim 11-2021', 'Bom',
18, NULL, NULL, NULL,
'Arr1', NULL, NULL, 'GM'),
('DE', 'V Cone Sinalização Xsports Luxo23cm Vermelho 1X18uni.', 1, 18, 'Topgim 11-2021', NULL,
NULL, NULL, NULL, NULL,
'Arr1', NULL, NULL, 'GM'),
('EDF', 'V Cones Compal', 5, 0, NULL, 'Bom',
5, NULL, NULL, NULL,
'G1', '.', '.', 'GM'),
('EDF', 'V Cones Furados Azul_Amarelo_Vermelho', 18, 0, NULL, 'Mau',
6, NULL, 12, NULL,
'G1', '3 amarelos, 5 azul claro, 4 azul escuro, 3 vermelhos', NULL, 'GM'),
('DE', 'V Cronómetro 3 linhas e 60 memórias (Electronic)', 6, 3, 'Mooveme 10-2021', 'Razoável',
NULL, 3, NULL, NULL,
'Arr1', 'três no arm2 e 3 pendurados Arr1???', 'opcional', 'GM'),
('DE', 'V Cronómetro Tremblay', 6, 6, NULL, NULL,
NULL, NULL, NULL, NULL,
'Arm2', NULL, NULL, 'GM'),
('EDF', 'V Discos - Marcadores (Amarelo e Vermelho)', 36, 0, NULL, 'Abate',
NULL, 28, NULL, 8,
'Arr2', '.', NULL, 'GM'),
('EDF', 'V Discos marcadores Kit 24', 1, 3, 'Viduedo 02-2020', NULL,
NULL, NULL, NULL, NULL,
'Arm2', NULL, NULL, 'GM'),
('EDF', 'V Estojo de 1º Socorros Meditech', 4, 3, NULL, 'Bom',
1, NULL, NULL, NULL,
'Arm2', NULL, NULL, 'GM'),
('DE', 'V Estojo de 1ºs socorros 300 - Vermelho Forclaz', 2, 2, 'Mooveme 10-2021', NULL,
NULL, NULL, NULL, NULL,
'Arm2', NULL, 'chegou', 'GM'),
('EDF', 'V Fita Balizadora Ver/Branca 5cmX200m', 7, 7, 'Mooveme 12-2018', NULL,
NULL, NULL, NULL, NULL,
'Arr1', NULL, NULL, 'GM'),
('DE', 'V Indiaka', 10, 8, 'Viduedo 02-2020', 'Abate',
NULL, NULL, NULL, 2,
'Arm2', NULL, NULL, 'GM'),
('DE', 'V Medidor de pressão', 1, 1, 'Mooveme 10-2021', NULL,
NULL, NULL, NULL, NULL,
'Arm2', 'desapareceu', NULL, 'GM'),
('EDF', 'V Mesa', 1, 0, NULL, 'Mau',
NULL, NULL, 1, NULL,
'G2', NULL, NULL, 'GM'),
('EDF', 'V Mesa de mistura', 1, 0, NULL, 'Bom',
1, NULL, NULL, NULL,
'G1', '.', NULL, 'GM'),
('EDF', 'V Peso Pedra', 2, 0, NULL, 'Bom',
2, NULL, NULL, NULL,
'G1', '.', NULL, 'GM'),
('EDF', 'V Postes adaptaveis PB', 2, 0, NULL, 'Razoável',
NULL, 2, NULL, NULL,
'G1', '.', NULL, 'GM'),
('EDF', 'V Quadros alusivos desportos', 16, 0, NULL, 'Mau',
NULL, NULL, 16, NULL,
'G1', NULL, NULL, 'GM'),
('EDF', 'V Quadros alusivos ginástica', 15, 0, NULL, NULL,
NULL, NULL, NULL, NULL,
'G2', NULL, NULL, 'GM'),
('EDF', 'V Redes dos Cestos da tabela de basquetebol', 2, 0, NULL, 'Mau',
NULL, NULL, 2, NULL,
'G1', NULL, NULL, 'GM'),
('EDF', 'V Redes dos Cestos da tabela de basquetebol', 2, 0, NULL, 'Abate',
NULL, NULL, NULL, 2,
'CAnd', NULL, NULL, 'GM'),
('EDF', 'V Redes dos Cestos da tabela de basquetebol', 1, 0, NULL, NULL,
NULL, NULL, NULL, NULL,
'C3X3', NULL, NULL, 'GM'),
('EDF', 'V Redes verdes de transporte de bolas', 8, 0, NULL, NULL,
NULL, NULL, NULL, NULL,
'Arm2', NULL, NULL, 'GM'),
('EDF', 'V retropojetor', 1, 0, NULL, 'Bom',
1, NULL, NULL, NULL,
'G1', 'não existe', NULL, 'GM'),
('DE', 'V Saco Casal Sport', 1, 1, NULL, NULL,
NULL, NULL, NULL, NULL,
'Arm2', NULL, NULL, 'GM'),
('DE', 'V Saco Topgim', 1, 1, NULL, NULL,
NULL, NULL, NULL, NULL,
'Arm2', NULL, NULL, 'GM'),
('DE', 'V Saco Trolley portaequipamentos Royal Stone', 2, 0, 'Mooveme 10-2021', NULL,
NULL, NULL, NULL, NULL,
'Arr1', NULL, 'multimodalidades', 'GM'),
('EDF', 'V Spray ZEFAL de reparo', 1, 1, 'Topgim 22-12-2022', NULL,
NULL, NULL, NULL, NULL,
'Arm2', NULL, NULL, 'GM'),
('EDF', 'V Suporte de cordas fixado na parede', 1, 0, NULL, 'Mau',
NULL, NULL, 1, NULL,
'G2', 'A cair', NULL, 'GM'),
('EDF', 'V Suporte, carrinho para colchonetes', 1, 0, 'Viduedo 30-12-2024', 'Bom',
1, NULL, NULL, NULL,
'G1', NULL, NULL, 'GM'),
('EDF', 'V Suporte, carrinho para colchonetes', 1, 0, 'Viduedo 30-12-2024', 'Bom',
1, NULL, NULL, NULL,
'G2', NULL, NULL, 'GM'),
('EDF', 'VOL BOLA MOLTEN VM150 Interior br/verm', 10, 0, NULL, 'Bom',
6, NULL, NULL, NULL,
'G1', '2 + 2 Desaparecidas', '.', 'GM'),
('EDF', 'VOL Bola Cellular Hyper', 10, 0, 'Mooveme 12-2018', NULL,
NULL, NULL, NULL, NULL,
'Arr1', NULL, NULL, 'GM'),
('EDF', 'VOL Bola Mikasa', 9, 0, NULL, 'Abate',
NULL, 1, NULL, 8,
'G1', '.', NULL, 'GM'),
('DE', 'VOL Bola Mikasa Giravoley nº5', 10, 0, 'Viduedo 02-2020', 'Bom',
10, NULL, NULL, NULL,
'Arr1', 'não se encontram', NULL, 'GM'),
('EDF', 'VOL Bola Mikasa Iniciação', 10, 0, 'Mooveme 10-2021', 'Bom',
9, NULL, NULL, NULL,
'G1', '2 Leões + 2 Sacapeito (emprestadas) são as fofinhas 1 desaparecida', 'b4 repetidas?', 'GM'),
('DE', 'VOL Bola Mikasa nº5 - MVA380K', 8, 0, 'Viduedo 02-2020', 'Bom',
8, NULL, NULL, NULL,
'Arr1', NULL, NULL, 'GM'),
('DE', 'VOL Bola Mikasa V200W , couro sintético', 3, 0, 'Viduedo 10-2021', 'Bom',
3, NULL, NULL, NULL,
'Arr1', NULL, 'b3', 'GM'),
('DE', 'VOL Bola Mikasa V350W-L', 12, 12, 'AFFSPORTS 17-03-2022', NULL,
NULL, NULL, NULL, NULL,
'Arr1', NULL, NULL, 'GM'),
('DE', 'VOL Bola Mikasa, V330W, couro sintético - treino', 14, 0, 'Viduedo 10-2021', 'Bom',
14, NULL, NULL, NULL,
'Arr1', NULL, NULL, 'GM'),
('DE', 'VOL Bola Voley Mikasa couro sintético', 4, 0, 'Viduedo 02-2020', 'Razoável',
NULL, 4, NULL, NULL,
'Arr1', NULL, NULL, 'GM'),
('EDF', 'VOL Bola Xsports', 16, 0, NULL, 'Abate',
NULL, 5, 1, 10,
'G1', '1 Desaparecidas 6 Arr2 mau estado', 'falta 1', 'GM'),
('EDF', 'VOL Bola XSportsXV5 Sponge Az_Am couro sintético cosida', 10, 5, 'Topgim 11-2021', 'Abate',
3, NULL, 1, 1,
'G1', NULL, NULL, 'GM'),
('EDF', 'VOL Bola XSportsXV5CR10P soft touch celular Br/Az T5', 12, 2, 'Topgim 11-2021', 'Abate',
3, 7, NULL, 2,
'Arr2', 'Muito duras', 'Exterior', 'GM'),
('EDF', 'VOL Postes (Fixos parede)', 2, 0, NULL, 'Mau',
NULL, NULL, 2, NULL,
'G1', NULL, NULL, 'GM'),
('EDF', 'VOL Postes Competição, exterior, com manivela, várias alturas (1par)', 1, 0, 'Sportes Partener 12-2024', 'Bom',
1, NULL, NULL, NULL,
'Ext', 'No novo campo, junto às pistas', NULL, 'GM'),
('EDF', 'VOL Rede (Exterior)', 2, 0, NULL, 'Mau',
NULL, NULL, 2, NULL,
'Arr2', NULL, NULL, 'GM'),
('EDF', 'VOL Rede (Interior)', 1, 0, NULL, 'Mau',
NULL, NULL, 1, NULL,
'G1', NULL, NULL, 'GM'),
('DE', 'VOL Varetas 1 par, em fibra c/bandas', 2, 2, 'Viduedo 10-2021', NULL,
NULL, NULL, NULL, NULL,
'Arr1', NULL, 'opcional', (SELECT id FROM public.categoria WHERE nome = 'Voleibol'), 'GM', (SELECT id
-- 5. EQUIPAMENTOS — Gabinete
INSERT INTO public.equipamentos
(edf_de, descricao, quantidade, stock, estado, local, escola)
VALUES
('EDF', 'Armário de madeira c/ portas dem vidro', 2, 0, 'Razoável', 'Gabinete', NULL),
('EDF', 'Armário metálico cinzento', 1, 0, 'Razoável', 'Gabinete', NULL),
('EDF', 'Armário todo em madeira', 1, 0, 'Razoável', 'Gabinete', NULL),
('EDF', 'Cadeiras', 7, 0, 'Razoável', 'Gabinete', NULL),
('EDF', 'Caixote de lixo metálico', 1, 0, 'Razoável', 'Gabinete', NULL),
('EDF', 'Computadores', 3, 0, 'Razoável', 'Gabinete', NULL),
('EDF', 'Estores', 3, 0, 'Mau', 'Gabinete', NULL),
('EDF', 'Extensões eletricas', 3, 0, 'Bom', 'Gabinete', NULL),
('EDF', 'Frigorífico pequeno', 1, 0, 'Bom', 'Gabinete', NULL),
('EDF', 'Mesa tampo verde - 50X110cm', 2, 0, 'Razoável', 'Gabinete', NULL),
('EDF', 'Mesa tampo verde de apoio 30X50cm', 1, 0, 'Razoável', 'Gabinete', NULL),
('EDF', 'Mesas tampo verde - 90X150cm', 3, 0, 'Razoável', 'Gabinete', NULL),
('EDF', 'Monitores', 3, 0, 'Razoável', 'Gabinete', NULL),
('EDF', 'Placard de cortiça', 2, 0, 'Mau', 'Gabinete', NULL),
('EDF', 'Secretária de madeira', 1, 0, 'Bom', 'Gabinete', NULL),
('EDF', 'Teclados', 3, 0, 'Bom', 'Gabinete', NULL),
('EDF', 'Telefone', 1, 0, 'Bom', 'Gabinete', NULL),
('EDF', 'Ventilador de parede', 1, 0, 'Bom', 'Gabinete', NULL),
('EDF', 'Aparelhagens Party Land', 2, 0, 'Razoável', 'Gabinete', NULL);
